[
  {
    "key": "gulp",
    "title": "Gulp",
    "logo": "http://fountainjs.io/assets/imgs/gulp.png",
    "text1": "The streaming build system",
    "text2": "Automate and enhance your workflow"
  },
  {
    "key": "react",
    "title": "React",
    "logo": "http://fountainjs.io/assets/imgs/react.png",
    "text1": "A JavaScript library for building user interfaces",
    "text2": "A declarative, efficient, and flexible JavaScript library for building user interfaces"
  },
  {
    "key": "browsersync",
    "title": "Browsersync",
    "logo": "http://fountainjs.io/assets/imgs/browsersync.png",
    "text1": "Time-saving synchronised browser testing",
    "text2": "It’s wicked-fast and totally free"
  },
  {
    "key": "scss",
    "title": "Sass",
    "logo": "http://fountainjs.io/assets/imgs/sass.png",
    "text1": "Syntactically Awesome Style Sheets.",
    "text2": "CSS with superpowers."
  },
  {
    "key": "babel",
    "title": "Babel",
    "logo": "http://fountainjs.io/assets/imgs/babel.png",
    "text1": "Babel is a JavaScript compiler",
    "text2": "Use next generation JavaScript, today"
  },
  {
    "key": "eslint",
    "title": "ESLint",
    "logo": "http://fountainjs.io/assets/imgs/eslint.png",
    "text1": "The pluggable linting utility for JavaScript and JSX.",
    "text2": "1 tool for identifying and reporting on patterns found in ECMAScript/JavaScript code."
  },
  {
    "key": "karma",
    "title": "Karma",
    "logo": "http://fountainjs.io/assets/imgs/karma.png",
    "text1": "Spectacular Test Runner for JavaScript",
    "text2": "Things should be simple. We believe in testing and so we want to make it as simple as possible"
  },
  {
    "key": "webpack",
    "title": "Webpack",
    "logo": "http://fountainjs.io/assets/imgs/webpack.png",
    "text1": "Webpack is a module bundler",
    "text2": "Webpack, the production / unbiased / flexible / extensible / open source module bundler"
  }
]
